[
    {
       "SOAT": "S13101",
       "CUP": 770200
    },
    {
       "SOAT": "S13141",
       "CUP": 843100
    },
    {
       "SOAT": "S13171",
       "CUP": 793210
    },
    {
       "SOAT": "S13200",
       "CUP": 770301
    },
    {
       "SOAT": "S13271",
       "CUP": 793301
    },
    {
       "SOAT": "S13272",
       "CUP": 793307
    },
    {
       "SOAT": "S13400",
       "CUP": 770500
    },
    {
       "SOAT": "S13440",
       "CUP": 780500
    },
    {
       "SOAT": "S13470",
       "CUP": 793502
    },
    {
       "SOAT": "S13500",
       "CUP": 770701
    },
    {
       "SOAT": "S13560",
       "CUP": 790702
    },
    {
       "SOAT": "S13561",
       "CUP": 790701
    },
    {
       "SOAT": "S13580",
       "CUP": 772701
    },
    {
       "SOAT": "S13750",
       "CUP": 797100
    },
    {
       "SOAT": "S15100",
       "CUP": 861101
    },
    {
       "SOAT": "S13572",
       "CUP": 792902
    },
    {
       "SOAT": "S13830",
       "CUP": 836010
    },
    {
       "SOAT": "S14101",
       "CUP": 770402
    },
    {
       "SOAT": "S14153",
       "CUP": 799302
    },
    {
       "SOAT": "S15101",
       "CUP": 861102
    },
    {
       "SOAT": "S15102",
       "CUP": 862203
    },
    {
       "SOAT": "S15103",
       "CUP": 862303
    },
    {
       "SOAT": "S19062",
       "CUP": 903805
    },
    {
       "SOAT": "S19260",
       "CUP": 902201
    },
    {
       "SOAT": "S19290",
       "CUP": 903895
    },
    {
       "SOAT": "S19304",
       "CUP": 902208
    },
    {
       "SOAT": "S19354",
       "CUP": 904508
    },
    {
       "SOAT": "S19490",
       "CUP": 903841
    },
    {
       "SOAT": "S19749",
       "CUP": 903856
    },
    {
       "SOAT": "S19775",
       "CUP": 907106
    },
    {
       "SOAT": "S19977",
       "CUP": 902204
    },
    {
       "SOAT": "S19780",
       "CUP": 902221
    },
    {
       "SOAT": "S19809",
       "CUP": 906914
    },
    {
       "SOAT": "S19827",
       "CUP": 902045
    },
    {
       "SOAT": "S19828",
       "CUP": 911022
    },
    {
       "SOAT": "S19829",
       "CUP": 911021
    },
    {
       "SOAT": "S19933",
       "CUP": 903867
    },
    {
       "SOAT": "S19934",
       "CUP": 903866
    },
    {
       "SOAT": "S19958",
       "CUP": 902049
    },
    {
       "SOAT": "S19977",
       "CUP": 902204
    },
    {
       "SOAT": "S21101",
       "CUP": 873206
    },
    {
       "SOAT": "S21102",
       "CUP": 873121
    },
    {
       "SOAT": "S21105",
       "CUP": 873411
    },
    {
       "SOAT": "S21106",
       "CUP": 873443
    },
    {
       "SOAT": "S21120",
       "CUP": 870101
    },
    {
       "SOAT": "S21121",
       "CUP": 870108
    },
    {
       "SOAT": "S21122",
       "CUP": 870001
    },
    {
       "SOAT": "S21140",
       "CUP": 871010
    },
    {
       "SOAT": "S21141",
       "CUP": 871020
    },
    {
       "SOAT": "S21143",
       "CUP": 871050
    },
    {
       "SOAT": "S21142",
       "CUP": 871040
    },
    {
       "SOAT": "S21201",
       "CUP": 871121
    },
    {
       "SOAT": "S21301",
       "CUP": 872002
    },
    {
       "SOAT": "S21701",
       "CUP": 879111
    },
    {
       "SOAT": "S21602",
       "CUP": 870001
    },
    {
       "SOAT": "S25102",
       "CUP": 895100
    },
    {
       "SOAT": "S29112",
       "CUP": 931000
    },
    {
       "SOAT": "S30202",
       "CUP": 912002
    },
    {
       "SOAT": "S31109",
       "CUP": 881302
    },
    {
       "SOAT": "S31122",
       "CUP": 881602
    },
    {
       "SOAT": "S37206",
       "CUP": 797902
    },
    {
       "SOAT": "S8240",
       "CUP": 497100
    },
    {
       "SOAT": "S39139",
       "CUP": 890202
    },
    {
       "SOAT": "S39140",
       "CUP": 890402
    },
    {
       "SOAT": "S39143",
       "CUP": 890202
    },
    {
       "SOAT": "S39145",
       "CUP": 890701
    },
    {
       "SOAT": "S39146",
       "CUP": 865101
    }
 ]